Brand Name,Campaign Name,Slogan/Textual Content,Compound Score,Sentiment Category,AI Reasoning
1. Jazz,Dunya ko Bataa Do,Stay connected with those who matter the most. Share your world with Jazz.,0.3804,Positive,"This slogan resonates with customers by emphasizing the importance of staying connected with loved ones and sharing moments, striking an emotional chord. By fostering a sense of closeness and community, it prompts a positive sentiment towards Jazz as a facilitator of meaningful connections."
2. Zong 4G,A New Dream,Experience a world of possibilities with the fastest 4G network in Pakistan.,0.0,Neutral,The slogan lacks emotional appeal and fails to differentiate the brand from competitors. Customers may need clearer benefits or a unique selling point to feel excited or engaged. Adding a touch of creativity and emphasizing customer benefits could enhance the overall appeal.
3. Telenor,Hum Kar Sakte Hain,"Empowering communities to achieve their dreams. Together, we can make a difference.",0.4019,Positive,"This slogan instills hope and unity, inspiring individuals to work together towards a common goal of realization and impact. Its message of empowerment and collaboration resonates emotionally, fostering a sense of community and belief in positive change, creating a strong connection with customers."
4. Coca-Cola,Coke Studio,Celebrating Pakistan’s rich culture through music. Taste the feeling.,0.8316,Positive,"This slogan resonates with customers by blending national pride and emotional connection through music, inviting them to experience the essence of Pakistan's vibrant culture. The phrase ""Taste the feeling"" amplifies the sensory experience, creating a sense of inclusivity and joy"
5. Pepsi,Why Not Meri Jaan?,"Live young, live free. Let’s make every moment unforgettable.",0.5106,Positive,"The slogan 'Live young, live free. Let’s make every moment unforgettable.' invokes a positive sentiment by capturing the essence of freedom, youthfulness, and creating lasting memories. It resonates with customers seeking adventure, spontaneity, and the desire"
6. National Foods,Made Easy,"Quality you trust, recipes you love. National Foods brings families together.",0.8176,Positive,"The catchy slogan exudes trust and comfort through 'Quality you trust' and 'recipes you love,' capturing the essence of family gatherings with National Foods. It resonates with customers by promising familiarity, reliability, and delicious moments shared with loved ones, resulting"
7. Shan Foods,Khaana With Parosi,Sharing is caring. Make every meal a memorable one with Shan.,0.7184,Positive,"The slogan 'Sharing is caring. Make every meal a memorable one with Shan.' is emotionally resonant, invoking feelings of warmth, togetherness, and love through the act of sharing. It creates a memorable experience, reflecting a sense of connection"
8. HBL,"Jahan Khwab, Wahan HBL",Turning your dreams into reality. HBL is here every step of the way.,0.4019,Positive,"This slogan resonates positively as it promises to transform dreams into tangible results with unwavering support from HBL. By positioning themselves as reliable partners, customers feel encouraged and empowered, creating a sense of trust and excitement towards reaching their goals."
9. UBL,Har Qadam Apke Saath,Your trusted partner in growth and prosperity.,0.6908,Positive,"This slogan exudes credibility, reliability, and success, evoking feelings of security and optimism. By positioning the brand as a 'trusted partner in growth and prosperity,' it resonates with customers, instilling a sense of confidence and assurance in their journey"
10. Meezan Bank,Riba-Free Banking,A banking experience you can trust. Shariah-compliant and customer-focused.,0.5106,Positive,"This slogan resonates positively with customers as it combines trustworthiness and customer-centric values with a focus on Shariah compliance. By emphasizing reliability and individual needs, it creates a sense of security and personalized service, appealing to customers seeking both ethical standards and"
11. Dettol,Maamta Ka Tahaafuz,"Protecting families for generations. Dettol, trusted for hygiene.",0.4767,Positive,"This slogan resonates positively by highlighting the core values of safety and trust. By emphasizing the long-lasting protection of families through generations, and associating it with a well-known brand like Dettol, it instills a sense of reliability and comfort in"
12. Lifebuoy,"Sehat Ke Liye, Har Jagah Lifebuoy","Your partner in health. Keeping you safe, everywhere.",0.4404,Positive,"The slogan 'Your partner in health. Keeping you safe, everywhere.' resonates positively as it communicates trust, care, and security. By positioning the brand as a reliable ally in maintaining well-being wherever you go, customers feel valued and reassured,"
13. Safeguard,School of Germ Protection,Learning to stay safe. Trust Safeguard for unbeatable germ protection.,0.8316,Positive,"This slogan instills confidence with its emphasis on safety and unbeatable germ protection. Customers feel assured and empowered when they trust Safeguard for learning how to stay safe. It effectively communicates security and reliability, resonating positively with consumers."
14. Daraz,Har Wishlist Poori Hogi,"Shop with confidence. Daraz fulfills every wish, every day.",0.7906,Positive,"""Exuding trust and reliability, 'Shop with confidence. Daraz fulfills every wish, every day.' assures customers of seamless shopping experiences and personalized service. This slogan resonates positively, building a sense of security and satisfaction among shoppers, ultimately fostering"
15. OLX Pakistan,Bech De,"Sell anything, anytime, anywhere. Trusted by millions across Pakistan.",0.4767,Positive,"This slogan resonates positively by promising limitless possibilities and widespread trust. It taps into the universal desire to buy and sell without boundaries, while highlighting the extensive customer base that vouches for its credibility, instilling confidence and reliability in the brand."
16. Suzuki,Way of Life,"Affordable, reliable, and trusted by families nationwide.",0.4767,Positive,"This slogan evokes a positive sentiment by highlighting key customer needs: affordability, reliability, and trust. It resonates with families seeking value and peace of mind. The simplicity and inclusivity of the message create a sense of connection and credibility, making customers"
17. Toyota,Indus Motors - Quality Revolution,Setting new standards of trust and performance in Pakistan.,0.5106,Positive,"This slogan evokes a positive sentiment as it promises reliability and excellence, resonating with customers seeking trust and superior performance. By articulating a commitment to raising the bar in Pakistan, it instills confidence and interest in the brand, appealing to discerning"
18. ARY Digital,Har Lamha Roshan Hai,Brightening every moment with quality entertainment.,0.743,Positive,"This slogan resonates with customers by promising to enhance their moments with top-notch entertainment, creating joy and satisfaction. Its vibrant and uplifting tone captures attention and ignites positive emotions, making it a memorable and enticing choice."
19. Geo TV,Cultural Traditions and Reliable News,Connecting you to your roots with news you can trust.,0.5106,Positive,"This slogan evokes trust and pride by promising to keep customers informed with reliable news while fostering a sense of connection to their heritage. The blend of trustworthiness and emotional appeal resonates positively with customers, resulting in a sentiment score of 0."
20. Edhi Foundation,Fundraising for Humanity,Trust in humanity. Your donations save lives.,0.7579,Positive,"This slogan taps into people's inherent trust in humanity and their desire to make a difference. By emphasizing the direct impact of donations in saving lives, it instills a sense of purpose and hope, resonating with customers' altruistic values and generating a"
